{"count":1,"gauges":{},"self":6.6008048,"total":7.2154042999999994,"children":{"AgentResetIfDone":{"count":324,"self":0.0059575,"total":0.0059575,"children":null},"AgentSendState":{"count":324,"self":0.026975899999999997,"total":0.035918599999999995,"children":{"CollectObservations":{"count":648,"self":0.0089427,"total":0.0089427,"children":null}}},"DecideAction":{"count":324,"self":0.44009689999999996,"total":0.53287279999999992,"children":{"RayPerceptionSensor.Perceive":{"count":648,"self":0.0927759,"total":0.0927759,"children":null}}},"AcademyStep":{"count":324,"self":0.0019903,"total":0.0019903,"children":null},"AgentAct":{"count":324,"self":0.0358416,"total":0.0358416,"children":null}}}